piRNASequence,mRNATargetSequence
TAAATCAGAAGAGTCCTTCTCTGACCTGA,ATTTAGTCTTCTGAGGACGACACTAAGGC
AACTCATTCATTTCCTTTTGACCTCTGCCC,CTGAGTAAGTAAAAGAAGAAAAAAAGAAGG
TAGAAACAGAATGTAAATTACCAGCTCTGA,TTCTTTGTCTTACATTCATTGGTCTTTCGT
CGATCTAACATATCCAAGCCTATGCTGGCCAGCTC,CCTAGATTGTATTTCGTCGGAGACCCCAATCCGTA
TTTAATCCCAGCACTCAGGAGGTAGAGGCA,AAATTAGGGTCGTGAGTCCTCCGTCTCCGT
TACATAGTAAGGGGTCAAGGGTTCAGGCAT,TTGTATCATTCCCTTCTTCGCGGCACTCAT
ATCAAACTCAGGTCCTCATGCTTGTCATAC,AAGTTTGAGTCCCGGAGTCCGAACAGTCCT
TCAGTTGGTAAAGTGCTTGCCTAGCACGAA,AGTCAACCATTTCACGAACGGATCGTACAT
TTTAATCCCAGCACTTGAGAGGGAGAGGCA,AAATTAGGGTCGTGAACTCTCCGTCTCCGT
TATGGACAGAAAGGAAAGCAGATGGTGATT,ATACCTGTCTTTCGTTGTGTCTACGACGTT
TAGCTGTGTAAGGGAACTTCATATGTTCCG,GTCGACACATTCCCTCGAGGTCACTGGGGT
TCTCTGTAAACAGAGGGCTAAGGCTGGAT,AGAGACATTTGTTTCCCGATTCTCGGGTT
TCCTCTTCCTCCTCTCCCTCCCTCTCCTCT,AGGAGAAGGAGTAGTGAGAGATTCCACATT
TGACGTACTTCCTCCAGTAGCACTGTTTC,ACTGCATGAAGGAGGTAGTTCCAGTTTGG
TTCAGTGGTAGAGTGCTTGCCTAGCATGCA,TAGTCACCATCTCAGGAACGAATTGTGACC
TGTCTCAAAAAAAAAAAAAAAAAAAAAAAG,TCAGAGTTTTTTTTTTTTTTTTTTTTTAAA
CTATCTGTAAAAGGATCTGTCACCCTCTT,GATAGACATTTCCTTAGACTACGGGAGAA
TGTATTTGAACACTTGGTTCCCAACTGGAA,CCATAAACTTGTGAACCAGGGGTCAGTAAC
TCAGTTGGTAAAGTGCTTGCCTAGCACGAA,AGTCAACCATTTCACGAACGGATCGTACAT
TGAAGAGTAAGGATGTTTGTGTGTGCCACT,ACTTCTCATTCCCACACAGACAGACGCGTA
TGTAATCCCAGCCCTTGGGAGATGGAGGCC,ACATTAGGGTCGGGAACCCTACACCTCAGT
TATGTCTGTATACTGTGTGTGTGCCTAGT,ATACAGACATATGGTACACGTGCGGACCA
TAATCCCAGCACTCAGGAGGCAGAGGCAGG,ATTAGGGTCGTGAGTCCTCCGTCTCCGTCC
TTTAATCCCAGCACTCAGGAGGTAGAGGCA,AAATTAGGGTCGTGAGTCCTCCGTCTCCTG
TAGAAGATGAAGAAACATGGGGAACCAGGA,ATCTTCTACTTCTTCGTTCTCCTACGTCTG
TCTAGCTGCACTTCAGTGCATGCTAAACTCC,AGATCGACGTGAAATCACATACGATTTCGGG
TCCAAAGGAAGAGCTGTTAACATGATTGGT,AGGTTTCCTTCACTACAATTGACTAACAGG
TTTAATCCCAGCACCTGGGAGACAGAGGAG,AAATTAGGGTCGTGGACCCTCCGTCTCCGT
CAGGAGTTCAAGGCCATCCTTAGCTATACA,GTCCTCAAGTTCCAGTAGGAGACCGATGTC
TAATGAGTTGAAGCCATGGTCCCTACCCAT,ATTACTCAACTTCGGTAGGTAATTATCAGG
TATGAAAAGAATGGACTAAAGCATCTTCA,CTACTTTTCTTACCCGAGAACTCGTACAT
ATTGTGTCCAAGATGACGACAGCTGACCA,TAACACAGGTTCTACTGCTGTCGACTGGT
TTGAACTTGTGATCCTTCTGTCTCAGCTTT,AACTTGAACACTAGAAGGAGATAGTCCGCG
TACAGAGTGAGACTTTGTCTCAAAAAAAAC,ATGTCTCACTCTAGGACAGAGTTTTATTTT
TTTAATCCCAGCACCTGGGAGACAGAGGAG,AAATTAGGGTCGTGGACCCTCCGTCTCCGT
AAAACAGCAGAACTGGATTCACCCCCTCCC,ATTTGTCGTCTTGACTTTCGGTCACCCGGT
TTTGTTGAATGGATGAATGGCTGGATGACT,AAACAACTTACTTACTTACTGAGGTTTCCG
CACAGTCACAAATTGTCTTGTACTGGGACAT,ATGTCAGTGTTTCTCCGAACGTCTTTTCCCT
CTTCACAGAATTCATGGACTCCCAAGACAA,AAAGTGTCTTAGGTACCTGAGGAATCGGTA
TCATTCATTTTCCTCTTTTCTCTTCTGTCT,AGTAAGTAAAAGAAGAAAAAAAGAAGGCTG
TGAGAAGCAGGATCACAGGGTCCCTCGCCC,TCTCTTCGTCCGACGGTCCCCGGAGACCTC
GAAATGTAAATGAAGAAAATATCTAATTTT,CTTTACATTTACTTCTTTTATTGATTATTT
AAATAAACAAAAAAACAAGGAATGTCACTC,ATTATTTGTTTGTTTGTTTGTTTGTTTTTA
TTTAATCCTAGCACTTGGGAGGCAGAGGCA,AAATTAGGATCGTGAACCCTCCGTCTCCGT
TACAACCAGAAGAGAAGCAGGAGGCCCCAGA,ATGTTGGTCTTCTCTTCCTTCTCCTGACCAC
TACACAGAGAAACCCTGTCTCAAAAAAATA,ATGTGTCTCTTTGGAACAGAGTTTTTGGGT
TGCAGCTCAAAATCCAAGTCTGACATCTGG,ACGTCGAGTTTTAGGTTCAGACTGTAGACC
GCTGTTCCAAAGGATGGGATGCATGAGGTA,GGACAAGGTTTCCTCGCCTGTGACTTTGGA
TGTAATCCCAGTGCTTGGGAGGCTGAGACT,ACATTAGGGTCACGAACCGTCAATCTCCGT
CAGAAGAAAAACGATTGTCATCCCAAAGC,AGTCTTCTTTTTGCTAACAGTAGGGTTTC
TGGTAGAAGATGATACGGCTGGGCTTGAAA,GCCATCTTCTACTACGCCCACCCGAACTTC
TCTGTCTGTCTGTCTGTCTGTCTGTCTGTA,AGACAGACAGACAGACAGACAGGCAGGCAG
TGCTTTGAGTTCCTGCGGGTAGCCTGAGGC,ACGAAACTCAAGGACGGCCACGGAGATGGA
TACACAGAGAAATCCTGTCTCAAAAAAACT,ATGTGTCTCTTTAGAACAGAGTTTTTTATT
TGTAACTCCAGTTCCAAGGGACCTGACACC,ACATTGAGGTCAAGGTTCCCTAGACTAGGG
TTTAATCCTAGCACTTGGGAGGCAGAGGCA,AAATTAGGATCGTGAACCCTCCGTCTCTGT
TGTCCTAGAAAACTCTGTAGACCAGGCTGG,ACAGGATCTTTAGTGATCTCTCGTGGTCAT
TCTCTGTGTAGCTCTGGCTGTCCTGGAGAG,AGAGACACATCGAGACCGACAGGACCTTAA
TAAGAGAATTCAGTTTTGCTCTGAGGACAG,ATTCTCTTAAGTTATAACAAGGTTCCGTGA
TTTAATCTTAGCACTGGGGAGACTGAGTTT,GAATTAGAATCGTGTCCTCTCCACCTAGGT
TTTAATCCCAGCACTTGGGAGGCAGAGGTA,AAATTAGGGTCGTGAACCCTCCGTCTCCGT
TCCTCAAGCAGCTTCTTCTCGTCGTCCTTT,AGGAGTTCGTCGCGGAGGAGCAGGAGGAGG
TTTCATCTACAATGTTCTTACCTTGACAAG,TAAGTAGATGTTACTAGAACGGGAGGTTCA
TATGTCTGTATACTGTGTGTGTGCCTAGT,ATACAGACATATGGTACACGTGCGGACCA
CAATGAAGTCACGTAGGTGTTTATCTTTCT,GTTACTTCAGTGTATTCACCCCTAGTAAGA
AATAATAATAATAATAATAATAACACCGTC,TTATTATTATTATTATTGTTAAAACAACAA
ATGAGTTCCAGGACAGCCAGAGCTACACAG,TACTCAAGGTCGTGTCGGTCTCCATGTATC
ATAATAATAATAATAATAATAACAGCGTCA,AATTATTATTATTATTATTATTGTTAAAAC
TTTAGTCCCAGTACTCAGGAGGCAGGAGGA,AAATCAGGGTCTTGAGTCCTCCGTCTCCGT
GACATTTTCATACATGTATATAATGTATTT,CTGTAAAAGTATGTACATATGTTACACGGA
TAGAGTTACAGACAGTTGTGAGCTACCTAC,ATCTCAATGTCTGTCAACACTCGACGAAAC
GTGTGAAAGTAGTCAAGTCAGGCACAAAAGT,AACACTTTCATGAAATCAATCCGTCAGGAAC
TTCATTTTCAAGTTTTTCAAAGAGGTCATC,AAGTAAAAGTTCAAACAGTAACTCCAGTAC
TGTTTTTTGAGACAGGGTTTCTCTGCATAG,ACAAAAAACTCTGTCCCAAAGAGACATATC
TCAAGATGTAGAACTCTCAGCTCTCCTGGA,TGTTCTACATCTTGAGAGTCGAGGAAGACG
TCAGTTGGTAAAGTGCTTGCCTAGCACGAA,AGTCAACCATTTCACGAACGGATCGTACAT
TTTAATCCTAGCACTTGGGAGGCAGAGGCA,AAATTAGGATCGTGAACCCTCCGTCTCTGT
TTTGTTGAATGGATGAATGGCTGGATGACT,AAACAACTTACTTACTTACTGAGGTTTCCG
TTGATTGGTTCTTTCATTGTGATCTTCACC,AACTAACCAAGATAGTAGAAACTAGAACGA
TACCAACTGAGCTACATCCGCAGCGAATTT,ATGGTTGACTCGATGTAGGTGTGGGTCCGG
TCAGTTGGTACAGTGCTTGCCTAGCACGAT,AGTCAACCATGTCATGAACGGATGATACGT
TGCAATAGTAGCAAGGACATCCATCACCTGA,GCGTTATCATCCTTTCTGTTCCCGAGGTGTG
TCTTGAAGAACTGTAACATTTTGGCTCCTC,AGAACTTCTTGAAACTGAGAAAGGGTATGT
TTCAAGGTCATCCTCTGCCACATAGTGAGT,AAGTTCCAGTAGGAGACCGATGTCTCCCAA
TGGGATTAAAGGAATGTGCCACCACTGCTT,ACCCTAATTTCCTTACATGGTGGAACGGAC
TACTTTTCCAGAAGAAATCCAGAGGTTGGCTGGGG,GTGAAAAGGTCTTGTGTGGGGACTTCCCCAAGGCC
TAACAGGAAAACAAAACAAAACAAAACCAT,ATTGTCCTTTTGTTTTGTTTGGGTGGGTGC
TTTTTTCCTAGTTTCCTTCCTGCCTTGTGTTTT,AAAAAAGGATCAAACGAACGTCTTGTGGCAGAC
GAAGTTTGACTTAGAAGTTCTAACATAAG,TCTTCAAACTGAATTTTCACATGTATATA
TACAAAAGGAAAAGTGACGGTATCTACATC,ATGTTTTCCTTTTCGCCGTCCCGTGGTCCT
TATTTATTGAGGGCCTACTATGTGCAGGGC,GTAAATAACTCTCGAATGAAACAGGACCGA
TGTTTGCTGAGCATTTTCTCTACTGGGTGT,TCAAACGACTCGTAAAAGACGACGACACTT
TACATAGTGAGTTCCAGGCCAGCCAAGATT,ATGTATCACTCAAGATCCGGTAAGTTCCTA
TGTAAAATGAGGATAATAAGGCCTGCCTGC,TCATTTTACTCCTATTATGACACGTTCGAG
TGGATGATCTCCTGTCAGTGCTGATGCACT,ACCTACTAGAGGACAGCCACGACGACGTGC
TTTAATCCCAGCACTCAGGAGGTAGAGGCA,AAATTAGGGTCGTGAGTCCTCCGTCTCCGT
TTCCTAAGAAAAGTTAGTTGGCTGAAAAC,GAGGATTCTTTTCTATCAACCGAAGACCA
TTCATTTTCAAGTTTTTCAAAGAGGTCATC,AAGTAAAAGTTCAAACAGTAACTCCAGTAC
TTAATCCCAAATAATGATGGTAAAGTTAGT,AATTAGGGTTTACTTTTACTAACATTGAAT
TAAAAGAAAGGCTGGATTATGGAA,TTTTTCTTTTCTATGTGATACTCT
ACAGAAACTAAACAGGGACACAGT,TTTCTCTTCTTTTTACATATTTCT
TGACAGAAATTAGAAGGAGACTGG,AACACCCTTTATCTTTGTTGGACC
TTAACAAAGTTCTGCAGTGTACGGGAG,CATTTTGTGGAGACGACAAAGGACCAC
TGAAATTCTTAGGAGTCCAGGGGTG,AGTTTGGGTGTCCGATGGTCCACCC
TAGTCAGCACCCAGGGAGCTGGCTGG,CTCTTTCATAGGTTCCTCGATTTCCC
TTCAAAGCACATTGTATAGAAAGT,TTATCTCGAGTAAAGAACCTTCAA
AGAAAGCCGATGGAATTCAGGGAG,CCCAACGCCGTCCGTACCTCCGTC
TACCAGATGGCAAAAGGCAAACACAA,ATTGGCTTCCCAATTCCGTCCAGGGT
GCATTGTGGTTCAGTGGTAGAATT,CGAAACTTCAGGTGAGGTCTATAA
TTTCACAGATGAGGAAACTGAAGC,ATACACTGTAATCGTTCGACGACT
TAATTTTTTAAAATTGGATGATGCTC,AATTAAAAATATAAATTAGTAACGTA
TAGTGTCTGGGTTTGGTGTTTTTTT,CCCAAACCCCTAAGACATATAAGTA
TATGAGTAGAACAAATGGGGGCAAAC,ATAGTAGAATTTCTTTCCACCCTTGA
TGGAAACTGACAGCCACTCTTCCC,TCCTCCATCAATTGGTGTGAGAGT
TAAAACAATCGTAGGCATTCCAGT,TTCTCGTCTGCTGCTGGTTGGTAA
TCTGGCTCCTAAAGATGTAAGCAATA,AGTCGCTTGGTTTTATCTTTCGTCTT
TGAAAATGACATAATTGCATTCGCCTT,ATTATTTTTGTATGTATTTTACCTCAA
TCGCCTTTGAGTGGAGAGATCCTGACA,GACGGAAAACCAATTCTCACTACTTCT
TAGTTTTGGAAAACCATGAGCAGGGA,AGTTAAACATTAGGAAACTAATTTTT
TTTCTAGTAGACTGGCTCTTGATGG,CTACAATGATTGTCGGAGAGATACG
TGACTTGTTAACGGGTCAGAGAGC,AGAGAAGAGACACACACACCCTGA
AGAATAGACATAAGGATAGGTGATAC,TTTTACACGTCTTGTCAGTAACTTCG
TACTTAATGCAGCAGCCCTCTTCAT,ATGAGAGATAACGGACCGATACGTT
TACAAACAGGTGATGGAAATGAAC,GAGTCTCCCTGAGACCGTCATTCG
TGATGATGATAGAGGACATCAAGAA,TTTACATCCTTTCCCTGGACCCCGT
TATGATGCAGCTCATGGAATAGAGGG,CTAGTATAACGTGTGTAGCATCGACC
AAGATATGGGAACCGGTTTGTCAGG,AACTAAACCTTCCCTGAAGTGGTTC
TAGAATGAAATTCGCTTGTGGTAT,AAGTTATTTACATTAGATGGTATA
AAAAAAGAGAACTGGATTCCTGAAA,TCTGAGTTGGTGAATTATTAAGGTT
TTTTGATTCCAGATGTGTTCCCAAA,GAAACCCGGAGTGACACTTTTATGT
TAACAGCAAGTATGTCTGGAAGGC,ATTGACTTGTTTTAATGAATACTT
TGCAGATGGTTGTGATAAAAAGATG,GTTTCGACATGCCCTGGTTTGAGAT
TAAAACGGTCTCAACTCTGTTCAAG,TTTATGTCCTTAGTGAATCATTTAT
AATCATTAGTTGTTGCTGCCAGGGT,TCACGCGTAAGGAACGATGGGTGGG
TAGTTCTCGCCTTACTTACCAGAAC,TTACTGTTCATAATGGTTCCTGGTG
TTCGTGATGGGGATCGGGGATTGC,AAAAACTTACAAATAGTCCCATCA
GTGAAACTTGCGACCCCAGGAGTTT,CTTTTTTATATATGTGATAAGTTAA
TTATTATTTCACTAGCTTTGGGACC,CAACTTATCGTCCTAAGGACCTTTG
TGAAAATAACCAAATGGGACCTTAGC,TTATTTATGGTTTTGTTATAAACCCC
TAAGACCTCTGGTGAGTGGATCACCG,AAGATAGAAATAAATCACGTAAACAA
GGAAAGGATCTTCGTATCGGACATC,CGTCTACGATTAGGAGATAAGGGTG
AGCTTTACTACAGAGCAATTGTGATA,ACGATACTCAAACACGACAGCACCAG
AAGAAGAATGAGAGCCTAGCTGGTCA,TACATCAAAGAATTGGGGTGTCTGGT
TTGCTTCTTTGATTGGTCTGTAAGC,TAGTTTGTAAAAACTCTGACTTTAT
TTTTGATTCCAGATGTGTTCCCAAAT,ATTCCTCTTTCCTACGCAGCGATATG
TATTTACAAGTACACTGGCAAACTCCC,ACGTATCATGAGGTAACACATTTAACG
TAAGCAGAGAAGGAACTTCTAAGGGAC,TCTATTAACTTCTGTAAAAAATACTTT
TGCCACGTTGATTACAAAATGTCTGG,ACTTTACTTTTAACAGATACCACCCA
TAAAACTGCCGGATTCTGCTGTCTGT,CATCAAAATACCTCAGACGGTGCCCT
TAAAAGACGAGTGAGAACTAACAAGGT,ACGGTTAGAATACCGATAAATGTCCGA
TTACACCAGATTTTTCACCAGAGAC,ATAGTAGAGGTTAAGGTATCATTTA
TGATGATACATACAGAGATGAGAAAGA,TTTTTTGTTGTTTTTTTTTCTTTCTTT
TGGGAACAATCTCTAGATGGGAGGGG,TCACTTTTACCGTAATTCCCTTTCAA
GGGTCTTCCCGGAGTCGGGTTGCT,CCATCAGGGTTCTCCTATTTCGGT
AGCTTATCAAGAATGGCATGAGTCAC,GTGTGTAGAAATGATAGGATCTAGAG
TACAAGCACAGAACAGGCAACTGGAG,AGGTCTTTTCTTAGACCTTTTGTATA
TCCGTTGTATTGATGGATAAGATGGC,CGGTCATCGATCTACCACACTTTTCT
TAAGATTTCATGAAAGGCCTAGGAG,AATTTATGGTGTCCTCACATTAATT
AGGTATAACGTGTAAGAGTACTGAGG,AACATCGATGACACCCGTATCTCAAC
TGATACCTTGGTCAAGGAAGGAATA,ACGTATGTTTCATATATTTTTATTT
CTGATTAGATGAATATGGTGATGTGGC,CTCTATAATTCCTTTTCACTAACAATG
TAGACATTGGCTCACTTTTCCTGTGG,GACGGTACCGAATGTCCGACGTGAAC
TAAGCAAGTGTGCAATTGAGGGCTGA,TTGTCCTCAACTGATCTCTTCAATTT
GAAATAATGTTTCTGGTGAAGGTTA,AAGACAAACAGTTCGGGATACCAAT
TAAAACGAAGGTGTGGCTCTGCTCT,CCTGGAGTATTTCAACGTTTCGAAG
TAATAGCTCTGTGTTTTTCAAATAA,AAGGGTGTGACAAAATCTTGTCGGA
AGAAAGTTACGCACAAAGGGTTATTTA,GGTGGTAATATATGTATCGAATCATGA
TCTAAGAAAAGTAGTAGGCAGCAAA,ACTGATTGTCACGTGTACGTCTCTC
TGCCAAGATCCAGGTCAGAAACTTGT,TCTAGGAAAGGTCTATATTCTTTAAC
TGAATAAACGTGTGCAGAAGGATCCC,TATAAATTTATACTTTGTCTATATGG
AGCTAGCAGCTATACAATTTACTCCA,TATCGAATTGAGTAAACAAATCTGGA
TGATAAAAGCCAAAGAAACTCCAGC,AATACTCGTGGGACCGTTCCCCCTT
TGCCTCCTTGACTCGTGCTGCTTTCT,GGATAGTCACTAAAGTGGACTGATAT
TGGTACCTTTGAATTTAGGAACTGAG,ACAAGTACATGAAGACCCCTGTTCTT
TAGAACATGGGACCTAACTGGAAC,AAAAGAGAGTAAAAGTCGAACTTT
TTTTGTCGAAACAGAGATAAGGTGGAG,GACCCCTTTCAGACTCAGGTCCGCTGT
TAAAAAGTTCCTGGGCACTGCGGGC,TAGTATATATGACTGGGCTGAAAAG
TCAGAAGAGATTCAGGATCGTTAGAG,AAATTCTCTCATGTAAAAACGGTCCT
TATTGAAAGGACGCAGATGTAGCTGT,CAGACGTTGTTTCCCGACCCTAGCGT
TAGATCTTCGGACCCTGAACTATCAAT,AAAGTGAATTTATTATCAATAATGTTA
TACTACTGACTGGCTCTTGTCCCCA,TACTTCACGGTTAATTCCGACTGGT
TTGCTCTTTAGGATGCCTGGGCGGTTA,TAAAAGAGAACCCCTGTGATAGTCCTA
TAGTTCCAGAAGGCTCCTCAGAGGT,TACAACAGGACACCAAAGGTGTATG
TACCAAAAAGGAATGGGTGAGAGGTA,CTATGAATTTCGTAGGAACGAGTGAG
TAGAAGGGGTTTCGTTTTTCTCGC,GAAAAATTAAAATCCAACGTACAA
CAGAATATGCCAAGCTGAAGAGCTCCA,TCTATACTCTTTTCTTCCACCCTTCTA
TGCTTATATAGCCCTCAGCGTGTCGT,TATATCTCAATAACATGTAAACAGAA
TAAGTAATCTCGCCCCTCTTCTTCTGTG,CTATAGACAATTTAGGTAAACAAAGTAT
TGGAAGTATTCGTGCAGAGATAGGAGT,TGTATAAAAATACATCATATATAATTT
TCCAAGTGCTCGTACGCCACAGCTGC,TACTTACTCAGGAGAAGGAAGGAGGG
TGAGACTGCGGTACATAGGGAGGCA,TCTGACAACTTTCGGTGTATATCGA
TGAAAGGTCCTTGAGATGTTCTGGAG,GTTAACAAATTCAAAACCTTGGACAC
GAGCGCACTAAAATGATTACGAAGGC,GTGACTATTCACCTATAATCGGGTCT
TTCCAAGCATCAGGGCAAAAAGAGTT,TTGCGAAACCGTCCCTCGCCGCGGCC
TGCTAAAGAGTTACAAGTCCTTACAG,TATAGAGTTAACGGATAAAACGTAAA
TATAGTTTCAAAAGCTTTGACACTGGC,GTTCGAGATGATAGAATAATAAAAATT
TCCTCTGGTCCGGATGGTGGCCGGTTG,TACTCAACAAAACTGGAAAACCTGGAC
TAATAGGCACTCAATAAATATTTGTAGA,GGCAGTTGAGTTTGTGATCTTTTCTGTT
