piRNASequence,mRNATargetSequence,Label
TAAATCAGAAGAGTCCTTCTCTGACCTGA,ATTTAGTCTTCTGAGGACGACACTAAGGC,1
AACTCATTCATTTCCTTTTGACCTCTGCCC,CTGAGTAAGTAAAAGAAGAAAAAAAGAAGG,1
TAGAAACAGAATGTAAATTACCAGCTCTGA,TTCTTTGTCTTACATTCATTGGTCTTTCGT,1
CGATCTAACATATCCAAGCCTATGCTGGCCAGCTC,CCTAGATTGTATTTCGTCGGAGACCCCAATCCGTA,1
TTTAATCCCAGCACTCAGGAGGTAGAGGCA,AAATTAGGGTCGTGAGTCCTCCGTCTCCGT,1
TACATAGTAAGGGGTCAAGGGTTCAGGCAT,TTGTATCATTCCCTTCTTCGCGGCACTCAT,1
ATCAAACTCAGGTCCTCATGCTTGTCATAC,AAGTTTGAGTCCCGGAGTCCGAACAGTCCT,1
TCAGTTGGTAAAGTGCTTGCCTAGCACGAA,AGTCAACCATTTCACGAACGGATCGTACAT,1
TTTAATCCCAGCACTTGAGAGGGAGAGGCA,AAATTAGGGTCGTGAACTCTCCGTCTCCGT,1
TATGGACAGAAAGGAAAGCAGATGGTGATT,ATACCTGTCTTTCGTTGTGTCTACGACGTT,1
TAGCTGTGTAAGGGAACTTCATATGTTCCG,GTCGACACATTCCCTCGAGGTCACTGGGGT,1
TCTCTGTAAACAGAGGGCTAAGGCTGGAT,AGAGACATTTGTTTCCCGATTCTCGGGTT,1
TCCTCTTCCTCCTCTCCCTCCCTCTCCTCT,AGGAGAAGGAGTAGTGAGAGATTCCACATT,1
TGACGTACTTCCTCCAGTAGCACTGTTTC,ACTGCATGAAGGAGGTAGTTCCAGTTTGG,1
TTCAGTGGTAGAGTGCTTGCCTAGCATGCA,TAGTCACCATCTCAGGAACGAATTGTGACC,1
TGTCTCAAAAAAAAAAAAAAAAAAAAAAAG,TCAGAGTTTTTTTTTTTTTTTTTTTTTAAA,1
CTATCTGTAAAAGGATCTGTCACCCTCTT,GATAGACATTTCCTTAGACTACGGGAGAA,1
TGTATTTGAACACTTGGTTCCCAACTGGAA,CCATAAACTTGTGAACCAGGGGTCAGTAAC,1
TCAGTTGGTAAAGTGCTTGCCTAGCACGAA,AGTCAACCATTTCACGAACGGATCGTACAT,1
TGAAGAGTAAGGATGTTTGTGTGTGCCACT,ACTTCTCATTCCCACACAGACAGACGCGTA,1
TGTAATCCCAGCCCTTGGGAGATGGAGGCC,ACATTAGGGTCGGGAACCCTACACCTCAGT,1
TATGTCTGTATACTGTGTGTGTGCCTAGT,ATACAGACATATGGTACACGTGCGGACCA,1
TAATCCCAGCACTCAGGAGGCAGAGGCAGG,ATTAGGGTCGTGAGTCCTCCGTCTCCGTCC,1
TTTAATCCCAGCACTCAGGAGGTAGAGGCA,AAATTAGGGTCGTGAGTCCTCCGTCTCCTG,1
TAGAAGATGAAGAAACATGGGGAACCAGGA,ATCTTCTACTTCTTCGTTCTCCTACGTCTG,1
TCTAGCTGCACTTCAGTGCATGCTAAACTCC,AGATCGACGTGAAATCACATACGATTTCGGG,1
TCCAAAGGAAGAGCTGTTAACATGATTGGT,AGGTTTCCTTCACTACAATTGACTAACAGG,1
TTTAATCCCAGCACCTGGGAGACAGAGGAG,AAATTAGGGTCGTGGACCCTCCGTCTCCGT,1
CAGGAGTTCAAGGCCATCCTTAGCTATACA,GTCCTCAAGTTCCAGTAGGAGACCGATGTC,1
TAATGAGTTGAAGCCATGGTCCCTACCCAT,ATTACTCAACTTCGGTAGGTAATTATCAGG,1
TATGAAAAGAATGGACTAAAGCATCTTCA,CTACTTTTCTTACCCGAGAACTCGTACAT,1
ATTGTGTCCAAGATGACGACAGCTGACCA,TAACACAGGTTCTACTGCTGTCGACTGGT,1
TTGAACTTGTGATCCTTCTGTCTCAGCTTT,AACTTGAACACTAGAAGGAGATAGTCCGCG,1
TACAGAGTGAGACTTTGTCTCAAAAAAAAC,ATGTCTCACTCTAGGACAGAGTTTTATTTT,1
TTTAATCCCAGCACCTGGGAGACAGAGGAG,AAATTAGGGTCGTGGACCCTCCGTCTCCGT,1
AAAACAGCAGAACTGGATTCACCCCCTCCC,ATTTGTCGTCTTGACTTTCGGTCACCCGGT,1
TTTGTTGAATGGATGAATGGCTGGATGACT,AAACAACTTACTTACTTACTGAGGTTTCCG,1
CACAGTCACAAATTGTCTTGTACTGGGACAT,ATGTCAGTGTTTCTCCGAACGTCTTTTCCCT,1
CTTCACAGAATTCATGGACTCCCAAGACAA,AAAGTGTCTTAGGTACCTGAGGAATCGGTA,1
TCATTCATTTTCCTCTTTTCTCTTCTGTCT,AGTAAGTAAAAGAAGAAAAAAAGAAGGCTG,1
TGAGAAGCAGGATCACAGGGTCCCTCGCCC,TCTCTTCGTCCGACGGTCCCCGGAGACCTC,1
GAAATGTAAATGAAGAAAATATCTAATTTT,CTTTACATTTACTTCTTTTATTGATTATTT,1
AAATAAACAAAAAAACAAGGAATGTCACTC,ATTATTTGTTTGTTTGTTTGTTTGTTTTTA,1
TTTAATCCTAGCACTTGGGAGGCAGAGGCA,AAATTAGGATCGTGAACCCTCCGTCTCCGT,1
TACAACCAGAAGAGAAGCAGGAGGCCCCAGA,ATGTTGGTCTTCTCTTCCTTCTCCTGACCAC,1
TACACAGAGAAACCCTGTCTCAAAAAAATA,ATGTGTCTCTTTGGAACAGAGTTTTTGGGT,1
TGCAGCTCAAAATCCAAGTCTGACATCTGG,ACGTCGAGTTTTAGGTTCAGACTGTAGACC,1
GCTGTTCCAAAGGATGGGATGCATGAGGTA,GGACAAGGTTTCCTCGCCTGTGACTTTGGA,1
TGTAATCCCAGTGCTTGGGAGGCTGAGACT,ACATTAGGGTCACGAACCGTCAATCTCCGT,1
CAGAAGAAAAACGATTGTCATCCCAAAGC,AGTCTTCTTTTTGCTAACAGTAGGGTTTC,1
TGGTAGAAGATGATACGGCTGGGCTTGAAA,GCCATCTTCTACTACGCCCACCCGAACTTC,1
TCTGTCTGTCTGTCTGTCTGTCTGTCTGTA,AGACAGACAGACAGACAGACAGGCAGGCAG,1
TGCTTTGAGTTCCTGCGGGTAGCCTGAGGC,ACGAAACTCAAGGACGGCCACGGAGATGGA,1
TACACAGAGAAATCCTGTCTCAAAAAAACT,ATGTGTCTCTTTAGAACAGAGTTTTTTATT,1
TGTAACTCCAGTTCCAAGGGACCTGACACC,ACATTGAGGTCAAGGTTCCCTAGACTAGGG,1
TTTAATCCTAGCACTTGGGAGGCAGAGGCA,AAATTAGGATCGTGAACCCTCCGTCTCTGT,1
TGTCCTAGAAAACTCTGTAGACCAGGCTGG,ACAGGATCTTTAGTGATCTCTCGTGGTCAT,1
TCTCTGTGTAGCTCTGGCTGTCCTGGAGAG,AGAGACACATCGAGACCGACAGGACCTTAA,1
TAAGAGAATTCAGTTTTGCTCTGAGGACAG,ATTCTCTTAAGTTATAACAAGGTTCCGTGA,1
TTTAATCTTAGCACTGGGGAGACTGAGTTT,GAATTAGAATCGTGTCCTCTCCACCTAGGT,1
TTTAATCCCAGCACTTGGGAGGCAGAGGTA,AAATTAGGGTCGTGAACCCTCCGTCTCCGT,1
TCCTCAAGCAGCTTCTTCTCGTCGTCCTTT,AGGAGTTCGTCGCGGAGGAGCAGGAGGAGG,1
TTTCATCTACAATGTTCTTACCTTGACAAG,TAAGTAGATGTTACTAGAACGGGAGGTTCA,1
TATGTCTGTATACTGTGTGTGTGCCTAGT,ATACAGACATATGGTACACGTGCGGACCA,1
CAATGAAGTCACGTAGGTGTTTATCTTTCT,GTTACTTCAGTGTATTCACCCCTAGTAAGA,1
AATAATAATAATAATAATAATAACACCGTC,TTATTATTATTATTATTGTTAAAACAACAA,1
ATGAGTTCCAGGACAGCCAGAGCTACACAG,TACTCAAGGTCGTGTCGGTCTCCATGTATC,1
ATAATAATAATAATAATAATAACAGCGTCA,AATTATTATTATTATTATTATTGTTAAAAC,1
TTTAGTCCCAGTACTCAGGAGGCAGGAGGA,AAATCAGGGTCTTGAGTCCTCCGTCTCCGT,1
GACATTTTCATACATGTATATAATGTATTT,CTGTAAAAGTATGTACATATGTTACACGGA,1
TAGAGTTACAGACAGTTGTGAGCTACCTAC,ATCTCAATGTCTGTCAACACTCGACGAAAC,1
GTGTGAAAGTAGTCAAGTCAGGCACAAAAGT,AACACTTTCATGAAATCAATCCGTCAGGAAC,1
TTCATTTTCAAGTTTTTCAAAGAGGTCATC,AAGTAAAAGTTCAAACAGTAACTCCAGTAC,1
TGTTTTTTGAGACAGGGTTTCTCTGCATAG,ACAAAAAACTCTGTCCCAAAGAGACATATC,1
TCAAGATGTAGAACTCTCAGCTCTCCTGGA,TGTTCTACATCTTGAGAGTCGAGGAAGACG,1
TCAGTTGGTAAAGTGCTTGCCTAGCACGAA,AGTCAACCATTTCACGAACGGATCGTACAT,1
TTTAATCCTAGCACTTGGGAGGCAGAGGCA,AAATTAGGATCGTGAACCCTCCGTCTCTGT,1
TTTGTTGAATGGATGAATGGCTGGATGACT,AAACAACTTACTTACTTACTGAGGTTTCCG,1
TTGATTGGTTCTTTCATTGTGATCTTCACC,AACTAACCAAGATAGTAGAAACTAGAACGA,1
TACCAACTGAGCTACATCCGCAGCGAATTT,ATGGTTGACTCGATGTAGGTGTGGGTCCGG,1
TCAGTTGGTACAGTGCTTGCCTAGCACGAT,AGTCAACCATGTCATGAACGGATGATACGT,1
TGCAATAGTAGCAAGGACATCCATCACCTGA,GCGTTATCATCCTTTCTGTTCCCGAGGTGTG,1
TCTTGAAGAACTGTAACATTTTGGCTCCTC,AGAACTTCTTGAAACTGAGAAAGGGTATGT,1
TTCAAGGTCATCCTCTGCCACATAGTGAGT,AAGTTCCAGTAGGAGACCGATGTCTCCCAA,1
TGGGATTAAAGGAATGTGCCACCACTGCTT,ACCCTAATTTCCTTACATGGTGGAACGGAC,1
TACTTTTCCAGAAGAAATCCAGAGGTTGGCTGGGG,GTGAAAAGGTCTTGTGTGGGGACTTCCCCAAGGCC,1
TAACAGGAAAACAAAACAAAACAAAACCAT,ATTGTCCTTTTGTTTTGTTTGGGTGGGTGC,1
TTTTTTCCTAGTTTCCTTCCTGCCTTGTGTTTT,AAAAAAGGATCAAACGAACGTCTTGTGGCAGAC,1
GAAGTTTGACTTAGAAGTTCTAACATAAG,TCTTCAAACTGAATTTTCACATGTATATA,1
TACAAAAGGAAAAGTGACGGTATCTACATC,ATGTTTTCCTTTTCGCCGTCCCGTGGTCCT,1
TATTTATTGAGGGCCTACTATGTGCAGGGC,GTAAATAACTCTCGAATGAAACAGGACCGA,1
TGTTTGCTGAGCATTTTCTCTACTGGGTGT,TCAAACGACTCGTAAAAGACGACGACACTT,1
TACATAGTGAGTTCCAGGCCAGCCAAGATT,ATGTATCACTCAAGATCCGGTAAGTTCCTA,1
TGTAAAATGAGGATAATAAGGCCTGCCTGC,TCATTTTACTCCTATTATGACACGTTCGAG,1
TGGATGATCTCCTGTCAGTGCTGATGCACT,ACCTACTAGAGGACAGCCACGACGACGTGC,1
TTTAATCCCAGCACTCAGGAGGTAGAGGCA,AAATTAGGGTCGTGAGTCCTCCGTCTCCGT,1
TTCCTAAGAAAAGTTAGTTGGCTGAAAAC,GAGGATTCTTTTCTATCAACCGAAGACCA,1
TTCATTTTCAAGTTTTTCAAAGAGGTCATC,AAGTAAAAGTTCAAACAGTAACTCCAGTAC,1
TTAATCCCAAATAATGATGGTAAAGTTAGT,AATTAGGGTTTACTTTTACTAACATTGAAT,1
TAAAAGAAAGGCTGGATTATGGAA,TTTTTCTTTTCTATGTGATACTCT,0
ACAGAAACTAAACAGGGACACAGT,TTTCTCTTCTTTTTACATATTTCT,0
TGACAGAAATTAGAAGGAGACTGG,AACACCCTTTATCTTTGTTGGACC,0
TTAACAAAGTTCTGCAGTGTACGGGAG,CATTTTGTGGAGACGACAAAGGACCAC,0
TGAAATTCTTAGGAGTCCAGGGGTG,AGTTTGGGTGTCCGATGGTCCACCC,0
TAGTCAGCACCCAGGGAGCTGGCTGG,CTCTTTCATAGGTTCCTCGATTTCCC,0
TTCAAAGCACATTGTATAGAAAGT,TTATCTCGAGTAAAGAACCTTCAA,0
AGAAAGCCGATGGAATTCAGGGAG,CCCAACGCCGTCCGTACCTCCGTC,0
TACCAGATGGCAAAAGGCAAACACAA,ATTGGCTTCCCAATTCCGTCCAGGGT,0
GCATTGTGGTTCAGTGGTAGAATT,CGAAACTTCAGGTGAGGTCTATAA,0
TTTCACAGATGAGGAAACTGAAGC,ATACACTGTAATCGTTCGACGACT,0
TAATTTTTTAAAATTGGATGATGCTC,AATTAAAAATATAAATTAGTAACGTA,0
TAGTGTCTGGGTTTGGTGTTTTTTT,CCCAAACCCCTAAGACATATAAGTA,0
TATGAGTAGAACAAATGGGGGCAAAC,ATAGTAGAATTTCTTTCCACCCTTGA,0
TGGAAACTGACAGCCACTCTTCCC,TCCTCCATCAATTGGTGTGAGAGT,0
TAAAACAATCGTAGGCATTCCAGT,TTCTCGTCTGCTGCTGGTTGGTAA,0
TCTGGCTCCTAAAGATGTAAGCAATA,AGTCGCTTGGTTTTATCTTTCGTCTT,0
TGAAAATGACATAATTGCATTCGCCTT,ATTATTTTTGTATGTATTTTACCTCAA,0
TCGCCTTTGAGTGGAGAGATCCTGACA,GACGGAAAACCAATTCTCACTACTTCT,0
TAGTTTTGGAAAACCATGAGCAGGGA,AGTTAAACATTAGGAAACTAATTTTT,0
TTTCTAGTAGACTGGCTCTTGATGG,CTACAATGATTGTCGGAGAGATACG,0
TGACTTGTTAACGGGTCAGAGAGC,AGAGAAGAGACACACACACCCTGA,0
AGAATAGACATAAGGATAGGTGATAC,TTTTACACGTCTTGTCAGTAACTTCG,0
TACTTAATGCAGCAGCCCTCTTCAT,ATGAGAGATAACGGACCGATACGTT,0
TACAAACAGGTGATGGAAATGAAC,GAGTCTCCCTGAGACCGTCATTCG,0
TGATGATGATAGAGGACATCAAGAA,TTTACATCCTTTCCCTGGACCCCGT,0
TATGATGCAGCTCATGGAATAGAGGG,CTAGTATAACGTGTGTAGCATCGACC,0
AAGATATGGGAACCGGTTTGTCAGG,AACTAAACCTTCCCTGAAGTGGTTC,0
TAGAATGAAATTCGCTTGTGGTAT,AAGTTATTTACATTAGATGGTATA,0
AAAAAAGAGAACTGGATTCCTGAAA,TCTGAGTTGGTGAATTATTAAGGTT,0
TTTTGATTCCAGATGTGTTCCCAAA,GAAACCCGGAGTGACACTTTTATGT,0
TAACAGCAAGTATGTCTGGAAGGC,ATTGACTTGTTTTAATGAATACTT,0
TGCAGATGGTTGTGATAAAAAGATG,GTTTCGACATGCCCTGGTTTGAGAT,0
TAAAACGGTCTCAACTCTGTTCAAG,TTTATGTCCTTAGTGAATCATTTAT,0
AATCATTAGTTGTTGCTGCCAGGGT,TCACGCGTAAGGAACGATGGGTGGG,0
TAGTTCTCGCCTTACTTACCAGAAC,TTACTGTTCATAATGGTTCCTGGTG,0
TTCGTGATGGGGATCGGGGATTGC,AAAAACTTACAAATAGTCCCATCA,0
GTGAAACTTGCGACCCCAGGAGTTT,CTTTTTTATATATGTGATAAGTTAA,0
TTATTATTTCACTAGCTTTGGGACC,CAACTTATCGTCCTAAGGACCTTTG,0
TGAAAATAACCAAATGGGACCTTAGC,TTATTTATGGTTTTGTTATAAACCCC,0
TAAGACCTCTGGTGAGTGGATCACCG,AAGATAGAAATAAATCACGTAAACAA,0
GGAAAGGATCTTCGTATCGGACATC,CGTCTACGATTAGGAGATAAGGGTG,0
AGCTTTACTACAGAGCAATTGTGATA,ACGATACTCAAACACGACAGCACCAG,0
AAGAAGAATGAGAGCCTAGCTGGTCA,TACATCAAAGAATTGGGGTGTCTGGT,0
TTGCTTCTTTGATTGGTCTGTAAGC,TAGTTTGTAAAAACTCTGACTTTAT,0
TTTTGATTCCAGATGTGTTCCCAAAT,ATTCCTCTTTCCTACGCAGCGATATG,0
TATTTACAAGTACACTGGCAAACTCCC,ACGTATCATGAGGTAACACATTTAACG,0
TAAGCAGAGAAGGAACTTCTAAGGGAC,TCTATTAACTTCTGTAAAAAATACTTT,0
TGCCACGTTGATTACAAAATGTCTGG,ACTTTACTTTTAACAGATACCACCCA,0
TAAAACTGCCGGATTCTGCTGTCTGT,CATCAAAATACCTCAGACGGTGCCCT,0
TAAAAGACGAGTGAGAACTAACAAGGT,ACGGTTAGAATACCGATAAATGTCCGA,0
TTACACCAGATTTTTCACCAGAGAC,ATAGTAGAGGTTAAGGTATCATTTA,0
TGATGATACATACAGAGATGAGAAAGA,TTTTTTGTTGTTTTTTTTTCTTTCTTT,0
TGGGAACAATCTCTAGATGGGAGGGG,TCACTTTTACCGTAATTCCCTTTCAA,0
GGGTCTTCCCGGAGTCGGGTTGCT,CCATCAGGGTTCTCCTATTTCGGT,0
AGCTTATCAAGAATGGCATGAGTCAC,GTGTGTAGAAATGATAGGATCTAGAG,0
TACAAGCACAGAACAGGCAACTGGAG,AGGTCTTTTCTTAGACCTTTTGTATA,0
TCCGTTGTATTGATGGATAAGATGGC,CGGTCATCGATCTACCACACTTTTCT,0
TAAGATTTCATGAAAGGCCTAGGAG,AATTTATGGTGTCCTCACATTAATT,0
AGGTATAACGTGTAAGAGTACTGAGG,AACATCGATGACACCCGTATCTCAAC,0
TGATACCTTGGTCAAGGAAGGAATA,ACGTATGTTTCATATATTTTTATTT,0
CTGATTAGATGAATATGGTGATGTGGC,CTCTATAATTCCTTTTCACTAACAATG,0
TAGACATTGGCTCACTTTTCCTGTGG,GACGGTACCGAATGTCCGACGTGAAC,0
TAAGCAAGTGTGCAATTGAGGGCTGA,TTGTCCTCAACTGATCTCTTCAATTT,0
GAAATAATGTTTCTGGTGAAGGTTA,AAGACAAACAGTTCGGGATACCAAT,0
TAAAACGAAGGTGTGGCTCTGCTCT,CCTGGAGTATTTCAACGTTTCGAAG,0
TAATAGCTCTGTGTTTTTCAAATAA,AAGGGTGTGACAAAATCTTGTCGGA,0
AGAAAGTTACGCACAAAGGGTTATTTA,GGTGGTAATATATGTATCGAATCATGA,0
TCTAAGAAAAGTAGTAGGCAGCAAA,ACTGATTGTCACGTGTACGTCTCTC,0
TGCCAAGATCCAGGTCAGAAACTTGT,TCTAGGAAAGGTCTATATTCTTTAAC,0
TGAATAAACGTGTGCAGAAGGATCCC,TATAAATTTATACTTTGTCTATATGG,0
AGCTAGCAGCTATACAATTTACTCCA,TATCGAATTGAGTAAACAAATCTGGA,0
TGATAAAAGCCAAAGAAACTCCAGC,AATACTCGTGGGACCGTTCCCCCTT,0
TGCCTCCTTGACTCGTGCTGCTTTCT,GGATAGTCACTAAAGTGGACTGATAT,0
TGGTACCTTTGAATTTAGGAACTGAG,ACAAGTACATGAAGACCCCTGTTCTT,0
TAGAACATGGGACCTAACTGGAAC,AAAAGAGAGTAAAAGTCGAACTTT,0
TTTTGTCGAAACAGAGATAAGGTGGAG,GACCCCTTTCAGACTCAGGTCCGCTGT,0
TAAAAAGTTCCTGGGCACTGCGGGC,TAGTATATATGACTGGGCTGAAAAG,0
TCAGAAGAGATTCAGGATCGTTAGAG,AAATTCTCTCATGTAAAAACGGTCCT,0
TATTGAAAGGACGCAGATGTAGCTGT,CAGACGTTGTTTCCCGACCCTAGCGT,0
TAGATCTTCGGACCCTGAACTATCAAT,AAAGTGAATTTATTATCAATAATGTTA,0
TACTACTGACTGGCTCTTGTCCCCA,TACTTCACGGTTAATTCCGACTGGT,0
TTGCTCTTTAGGATGCCTGGGCGGTTA,TAAAAGAGAACCCCTGTGATAGTCCTA,0
TAGTTCCAGAAGGCTCCTCAGAGGT,TACAACAGGACACCAAAGGTGTATG,0
TACCAAAAAGGAATGGGTGAGAGGTA,CTATGAATTTCGTAGGAACGAGTGAG,0
TAGAAGGGGTTTCGTTTTTCTCGC,GAAAAATTAAAATCCAACGTACAA,0
CAGAATATGCCAAGCTGAAGAGCTCCA,TCTATACTCTTTTCTTCCACCCTTCTA,0
TGCTTATATAGCCCTCAGCGTGTCGT,TATATCTCAATAACATGTAAACAGAA,0
TAAGTAATCTCGCCCCTCTTCTTCTGTG,CTATAGACAATTTAGGTAAACAAAGTAT,0
TGGAAGTATTCGTGCAGAGATAGGAGT,TGTATAAAAATACATCATATATAATTT,0
TCCAAGTGCTCGTACGCCACAGCTGC,TACTTACTCAGGAGAAGGAAGGAGGG,0
TGAGACTGCGGTACATAGGGAGGCA,TCTGACAACTTTCGGTGTATATCGA,0
TGAAAGGTCCTTGAGATGTTCTGGAG,GTTAACAAATTCAAAACCTTGGACAC,0
GAGCGCACTAAAATGATTACGAAGGC,GTGACTATTCACCTATAATCGGGTCT,0
TTCCAAGCATCAGGGCAAAAAGAGTT,TTGCGAAACCGTCCCTCGCCGCGGCC,0
TGCTAAAGAGTTACAAGTCCTTACAG,TATAGAGTTAACGGATAAAACGTAAA,0
TATAGTTTCAAAAGCTTTGACACTGGC,GTTCGAGATGATAGAATAATAAAAATT,0
TCCTCTGGTCCGGATGGTGGCCGGTTG,TACTCAACAAAACTGGAAAACCTGGAC,0
TAATAGGCACTCAATAAATATTTGTAGA,GGCAGTTGAGTTTGTGATCTTTTCTGTT,0
